dataset,fewshow,zcp_metric,emb_style,test_loss,tau
all,5,plainact,b1e,0.00010827208140209794,0.6599556042102546
all,5,fisher,b1e,4.62371872345102e-06,0.08744540999303775
all,5,fisher,b1e_seq,0,0.0607748312177544
all,5,fisher,b1eL,6.459106953116134e-05,0.08357092490390791
all,5,plainact,b1e_seq,0,0.6198306367607853
all,5,l2_norm,b1e,0.00016285540186800063,0.9569197980621913
all,5,l2_norm,b1e_seq,0,0.9399781721431782
all,5,l2_norm,b1eL,0.0033772755414247513,0.9431671857300751
all,5,plainact,b1eL,0.0015211236366832798,0.6187705648034476
