dataset,fewshot,zcp_metric,emb_style,test_loss,tau
all,5,plainact,b1e,0.005299484060907906,0.9060198130327358
all,5,plainact,b1e_seq,0,0.9080169532973893
all,5,plainact,b1eL,0.014214680953459307,0.8964446200915918
all,5,fisher,b1e,0.003930354956537485,0.41886587501818096
all,5,fisher,b1eL,0.04560144618153572,0.4383069865615463
all,5,l2_norm,b1e,0.026105204597115517,0.8416080394517662
all,5,l2_norm,b1e_seq,0,0.5032663694840102
all,5,l2_norm,b1eL,0.1273091733455658,0.715521395803162
