dataset,fewshot,zcp_metric,emb_style,test_loss,tau
all,5,grasp,b1e,0.01651329809630459,0.013029610782331759
all,5,fisher,b1e,0.0034285992680286818,0.6826053405151488
all,5,grad_norm,b1e,0.005845335841348226,0.9677998158938524
all,5,plainact,b1e,0.0032957502937113695,0.9215223083624052
all,5,snip,b1e,0.0010648853918114169,0.9989215045745562
all,5,nwot,b1e,0.009096244942735542,0.7855225478593472
all,5,l2_norm,b1e,0.0012864038792692802,0.9787772773390123
