sparsity,mean_shadowllm,gmean_shadowllm,mean_dejavu,gmean_dejavu
30,61.51395808169282,58.44644039921415,60.415802188356395,57.45609407840489
40,61.40076528052861,58.48038206137205,59.91946147660248,56.936561464854144
70,56.96725245089662,53.62222834336534,46.714722218753586,43.41638549444444
50,61.192320880742926,58.09720445613047,58.31883091906824,55.24069743098154
60,58.552884595400826,55.553232977620084,53.36688680442785,49.58791876233521
