dataset,fewshot,zcp_metric,emb_style,test_loss,tau
all,5,plainact,b1e,0.0030059234916486525,0.9235224454037099
all,5,plainact,b1eL,0.010752632113342936,0.8984496022448015
all,5,plainact,b1e_seq,0,0.9065851750855424
all,5,l2_norm,b1e_seq,0,0.8992210800167609
all,5,l2_norm,b1eL,0.014633375304666433,0.8639776843823213
all,5,l2_norm,b1e,0.00579833590679548,0.8859224604450753
