dataset,fewshow,zcp_metric,emb_style,test_loss,tau
all,5,plainact,b1e,6.947367136342299e-05,0.7037159946519731
all,5,plainact,b1eL,0.0011792386919909784,0.6646546429260564
all,5,plainact,b1e_seq,0,0.6686708494290223
all,5,l2_norm,b1e_seq,0,0.9305835298381744
all,5,l2_norm,b1eL,0.0018301608574273454,0.9361085716154327
all,5,l2_norm,b1e,0.0012199284060760726,0.9313241979137619
